"z, cm","D, nm"
10,947.5940256
15,1112.374063
22,1177.033301
27,1014.779884
32,796.3008972
40,537.8463701
50,226.277899
65,206.5930078
90,196.1437404
